1,1,0,1,1,0,0
1,1,1,1,1,0,0
1,1,2,1,1,0,0
1,480,0,1,480,0,0
1,480,1,1,480,0,0
1,480,2,1,480,0,0
1,600,0,1,600,0,0
1,600,1,1,600,0,0
1,600,2,1,600,0,0
1,768,0,1,768,0,0
1,768,1,1,768,0,0
1,768,2,1,600,0,0
1,1080,0,1,1080,0,0
1,1080,1,1,768,0,0
1,1080,2,1,600,0,0
640,1,0,640,1,0,0
640,1,1,640,1,0,0
640,1,2,640,1,0,0
640,480,0,640,480,0,0
640,480,1,640,480,0,0
640,480,2,640,480,0,0
640,600,0,640,600,0,0
640,600,1,640,600,0,0
640,600,2,640,600,0,0
640,768,0,640,768,0,0
640,768,1,640,768,0,0
640,768,2,640,600,0,0
640,1080,0,640,1080,0,0
640,1080,1,640,768,0,0
640,1080,2,640,600,0,0
800,1,0,800,1,0,0
800,1,1,800,1,0,0
800,1,2,800,1,0,0
800,480,0,800,480,0,0
800,480,1,800,480,0,0
800,480,2,800,480,0,0
800,600,0,800,600,0,0
800,600,1,800,600,0,0
800,600,2,800,600,0,0
800,768,0,800,768,0,0
800,768,1,800,768,0,0
800,768,2,800,600,0,0
800,1080,0,800,1080,0,0
800,1080,1,800,768,0,0
800,1080,2,800,600,0,0
1024,1,0,1024,1,0,0
1024,1,1,1024,1,0,0
1024,1,2,800,1,112,0
1024,480,0,1024,480,0,0
1024,480,1,1024,480,0,0
1024,480,2,800,480,112,0
1024,600,0,1024,600,0,0
1024,600,1,1024,600,0,0
1024,600,2,800,600,112,0
1024,768,0,1024,768,0,0
1024,768,1,1024,768,0,0
1024,768,2,800,600,112,0
1024,1080,0,1024,1080,0,0
1024,1080,1,1024,768,0,0
1024,1080,2,800,600,112,0
1281,1,0,1281,1,0,0
1281,1,1,1024,1,128,0
1281,1,2,800,1,240,0
1281,480,0,1281,480,0,0
1281,480,1,1024,480,128,0
1281,480,2,800,480,240,0
1281,600,0,1281,600,0,0
1281,600,1,1024,600,128,0
1281,600,2,800,600,240,0
1281,768,0,1281,768,0,0
1281,768,1,1024,768,128,0
1281,768,2,800,600,240,0
1281,1080,0,1281,1080,0,0
1281,1080,1,1024,768,128,0
1281,1080,2,800,600,240,0
1920,1,0,1920,1,0,0
1920,1,1,1024,1,448,0
1920,1,2,800,1,560,0
1920,480,0,1920,480,0,0
1920,480,1,1024,480,448,0
1920,480,2,800,480,560,0
1920,600,0,1920,600,0,0
1920,600,1,1024,600,448,0
1920,600,2,800,600,560,0
1920,768,0,1920,768,0,0
1920,768,1,1024,768,448,0
1920,768,2,800,600,560,0
1920,1080,0,1920,1080,0,0
1920,1080,1,1024,768,448,0
1920,1080,2,800,600,560,0
