# type	configs	digest
loc	114672	611cc8cc921d0333
obj	49001	1ba616fbfc2f3987
obj-resolved	49001	98311edc9694b899
npc	26769	bb0f5f2bda1c7470
seq	32987	83dabcb41b37e2d3
inv	831	68799e8ab2db6a8a
item	49001	09b90e18d551803d
item-resolved	49216	35929acb50af30f7
npc-entity	26769	eb5bff4e8adfdae2
item-resolved-free	49216	97ac63f1fab481fc
npc-raw	26769	eb5bff4e8adfdae2
hitmark	287	6ba9c3794e26ece8
headbar	12	47014b0c2b6e0b5f
spotanim	7287	55af001bece2aa58
seqgroup	167	b742d0ab0aee5753
sequence-resolved	32987	1c36184405651e64
seqgroup-resolved	167	b742d0ab0aee5753
varp	9042	0059c0ea062617cf
varn	546	eecc4402818594f5
var-domain2	6318	4b65ccacfb7998ca
var-domain5	5	0e16531a930feab8
var-domain6	1634	ea5a93ee9ad1f901
var-domain7	100	fe40b92046dd4465
var-domain9	22	3218ad4aad2e6463
varbit	45601	50ce509fd1838e40
varbit-strict	45601	229c984cddc6eb2d
defaults	4	f956420a535cf58e
enum-title	15813	5f971aab02ba2e95
bas	4427	1d7abd2de042c86d
idk	948	a9393d500f1b288a
defaults-palette	2	3013a7d958848ebf
billboard	550	b371f8cabf61f728
quest	455	7d09d6915c820e7b
floor-overlay	342	5263df6f5fc44962
floor-underlay	482	07b6311a452e3044
skybox	133	01d498af12d78862
skydecor	0	cbf29ce484222325
enum	15813	8a4f71fcfbafbe6b
struct	44223	1bdc5877975a6e8b
param	8060	1e7020acbfa46447
script-type	256	52cf5d4c16d9f5e4
