# id	ints	objects	longs	thrown	observations (Cs2CommandGolden.java output)
applyDisplayPreference	24301	x00730065006e00740069006e0065006c	24301	-	prefetch=[1454]
discardDetailSettingPair	24301	x00730065006e00740069006e0065006c	24301	-
discardDisplayBounds	24301	x00730065006e00740069006e0065006c	24301	-
discardDisplaySettingPair	24301	x00730065006e00740069006e0065006c	24301	-
discardDragResizePair	24301	x00730065006e00740069006e0065006c	24301	-
discardDragTarget	24301	x00730065006e00740069006e0065006c	24301	-
discardDragTargetPair	24301	x00730065006e00740069006e0065006c	24301	-
discardFontArg	24301	x00730065006e00740069006e0065006c	24301	-
discardFourInterfaceArgs	24301	x00730065006e00740069006e0065006c	24301	-
discardNotificationGroup	24301	x00730065006e00740069006e0065006c	24301	-
discardWorldMapMenuAction	24301	x00730065006e00740069006e0065006c	24301	-
field5245	24301	x00730065006e00740069006e0065006c	24301	-
noopAutosetupCommand	24301	x00730065006e00740069006e0065006c	24301	-
noopInterfaceCommand	24301	x00730065006e00740069006e0065006c	24301	-
noopLicenseCommand	24301	x00730065006e00740069006e0065006c	24301	-
noopTargetModeCommand	24301	x00730065006e00740069006e0065006c	24301	-
noopWalkMarkerCommand	24301	x00730065006e00740069006e0065006c	24301	-
pushFontAvailable	24301,1	x00730065006e00740069006e0065006c	24301	-
pushLicenseAvailable	24301,1	x00730065006e00740069006e0065006c	24301	-
pushNotificationPermissionGranted	24301,1	x00730065006e00740069006e0065006c	24301	-
pushNotificationUnavailable	24301,0	x00730065006e00740069006e0065006c	24301	-
pushShopUnavailable	24301,0	x00730065006e00740069006e0065006c	24301	-
pushTargetModeUnavailable	24301,0	x00730065006e00740069006e0065006c	24301	-
pushTargetModeZero	24301,0	x00730065006e00740069006e0065006c	24301	-
pushUnsupportedCommandDefaults	24301,0	x00730065006e00740069006e0065006c,x	24301	-
pushUnsupportedCommandTriple	24301,0,0	x00730065006e00740069006e0065006c,x	24301	-
pushUnsupportedPairFalse	24301,0	x00730065006e00740069006e0065006c	24301	-
pushUnsupportedPairFalseAlt	24301,0	x00730065006e00740069006e0065006c	24301	-
pushUnsupportedPairFalseFifth	24301,0	x00730065006e00740069006e0065006c	24301	-
pushUnsupportedPairFalseFourth	24301,0	x00730065006e00740069006e0065006c	24301	-
pushUnsupportedPairFalseThird	24301,0	x00730065006e00740069006e0065006c	24301	-
pushUnsupportedQuadFalse	24301,0	x00730065006e00740069006e0065006c	24301	-
pushWorldMapUnavailable	24301,0	x00730065006e00740069006e0065006c	24301	-
pushZeroInsets	24301,0,0,0,0	x00730065006e00740069006e0065006c	24301	-
pushRuneScapeSetupValue	24301,0	x00730065006e00740069006e0065006c	24301	-
playerdemo	24301,0	x00730065006e00740069006e0065006c	24301	-
runjavascript	24301	x00730065006e00740069006e0065006c	24301	-
setwalkmarker	24301	x00730065006e00740069006e0065006c	24301	-
show_software_license	24301	x00730065006e00740069006e0065006c	24301	-
notifications_cancellocal	24301	x00730065006e00740069006e0065006c	24301	-
notifications_sendgroupedlocal	24301,0	x00730065006e00740069006e0065006c	24301	-
notifications_sendlocal	24301,0	x00730065006e00740069006e0065006c	24301	-
shader_preload_allow	24301	x00730065006e00740069006e0065006c	24301	-
shader_preload_percent	24301,100	x00730065006e00740069006e0065006c	24301	-
shader_preload_throttle	24301	x00730065006e00740069006e0065006c	24301	-
battery_getlevelpercent	24301,100	x00730065006e00740069006e0065006c	24301	-
fps_stats	24301,0,0,1	x00730065006e00740069006e0065006c	24301	-
battery_ischarging	24301,1	x00730065006e00740069006e0065006c	24301	-
can_run_java_client	24301,1	x00730065006e00740069006e0065006c	24301	-
has_html5	24301,0	x00730065006e00740069006e0065006c	24301	-
os_driver_outdated	24301,0	x00730065006e00740069006e0065006c	24301	-
os_driver_vendor	24301,-1	x00730065006e00740069006e0065006c	24301	-
os_isandroid	24301,0	x00730065006e00740069006e0065006c	24301	-
os_isios	24301,0	x00730065006e00740069006e0065006c	24301	-
preload_download_complete	24301,1	x00730065006e00740069006e0065006c	24301	-
preload_download_downloadedsize	24301,0	x00730065006e00740069006e0065006c	24301	-
preload_download_rate	24301,0	x00730065006e00740069006e0065006c	24301	-
preload_download_remainingsize	24301,0	x00730065006e00740069006e0065006c	24301	-
preload_download_totalsize	24301,0	x00730065006e00740069006e0065006c	24301	-
video_advert_allow_skip	24301	x00730065006e00740069006e0065006c	24301	-
video_advert_force_remove	24301	x00730065006e00740069006e0065006c	24301	-
video_advert_has_finished	24301,1	x00730065006e00740069006e0065006c	24301	-
video_advert_play	24301,9,0	x00730065006e00740069006e0065006c	24301	-
notify_accountcreated	24301	x00730065006e00740069006e0065006c	24301	-
notify_accountcreatestarted	24301	x00730065006e00740069006e0065006c	24301	-
interface_getpickingradius	24301,0	x00730065006e00740069006e0065006c	24301	-
minimenu_close	24301	x00730065006e00740069006e0065006c	24301	-
shop_applypendingtransactions	24301	x00730065006e00740069006e0065006c	24301	-
shop_getcategorycount	24301,0	x00730065006e00740069006e0065006c	24301	-
shop_getcategorydescription	24301	x00730065006e00740069006e0065006c,x	24301	-
shop_getcategoryid	24301,-1	x00730065006e00740069006e0065006c	24301	-
shop_getindexforcategoryid	24301,-1	x00730065006e00740069006e0065006c	24301	-
shop_getindexforcategoryname	24301,-1	x00730065006e00740069006e0065006c	24301	-
shop_getproductcount	24301,0	x00730065006e00740069006e0065006c	24301	-
shop_getproductdetails	24301	x00730065006e00740069006e0065006c,x,x,x,x,x,x,x,x,x	24301	-
shop_isproductavailable	24301,0	x00730065006e00740069006e0065006c	24301	-
shop_isproductrecommended	24301,0	x00730065006e00740069006e0065006c	24301	-
shop_open	24301	x00730065006e00740069006e0065006c	24301	-
shop_opencategories	24301	x00730065006e00740069006e0065006c	24301	-
shop_requestdata	24301	x00730065006e00740069006e0065006c	24301	-
shop_requestdatastatus	24301,0	x00730065006e00740069006e0065006c	24301	-
map_build_complete	24301,1	x00730065006e00740069006e0065006c	24301	-
map_loadedpercent	24301,100	x00730065006e00740069006e0065006c	24301	-
map_loadingscreen_isopen	24301,0	x00730065006e00740069006e0065006c	24301	-
map_loadingscreen_settriggerpercent	24301	x00730065006e00740069006e0065006c	24301	-
map_preload	24301	x00730065006e00740069006e0065006c	24301	-
worldmap_3dview_getloddistance	24301,-1	x00730065006e00740069006e0065006c	24301	-
worldmap_3dview_getscreenposition	24301,-1,-1	x00730065006e00740069006e0065006c	24301	-
worldmap_3dview_gettextfont	24301,-1	x00730065006e00740069006e0065006c	24301	-
worldmap_3dview_settextfont	24301	x00730065006e00740069006e0065006c	24301	-
worldmap_getcategorypriority	24301,0	x00730065006e00740069006e0065006c	24301	-
worldmap_setcategorypriority	24301	x00730065006e00740069006e0065006c	24301	-
coordx	24301,3200	x00730065006e00740069006e0065006c	24301	-
coordy	24301,3	x00730065006e00740069006e0065006c	24301	-
coordz	24301,3201	x00730065006e00740069006e0065006c	24301	-
movecoord	24301,321260689	x00730065006e00740069006e0065006c	24301	-
hsvtorgb	24301,-14671598	x00730065006e00740069006e0065006c	24301	-
hsvtorgb#2	24301,-121803	x00730065006e00740069006e0065006c	24301	-
sin_deg	24301,11585	x00730065006e00740069006e0065006c	24301	-
cos_deg	24301,11585	x00730065006e00740069006e0065006c	24301	-
atan2_deg	24301,5305	x00730065006e00740069006e0065006c	24301	-
char_isalpha	24301,1	x00730065006e00740069006e0065006c	24301	-
char_isalpha#2	24301,0	x00730065006e00740069006e0065006c	24301	-
char_isalphanumeric	24301,1	x00730065006e00740069006e0065006c	24301	-
char_isalphanumeric#2	24301,0	x00730065006e00740069006e0065006c	24301	-
char_isnumeric	24301,1	x00730065006e00740069006e0065006c	24301	-
char_isnumeric#2	24301,0	x00730065006e00740069006e0065006c	24301	-
char_isprintable	24301,1	x00730065006e00740069006e0065006c	24301	-
char_isprintable#2	24301,0	x00730065006e00740069006e0065006c	24301	-
char_isvalid	24301,1	x00730065006e00740069006e0065006c	24301	-
char_isvalid#2	24301,0	x00730065006e00740069006e0065006c	24301	-
char_tolowercase	24301,233	x00730065006e00740069006e0065006c	24301	-
char_touppercase	24301,376	x00730065006e00740069006e0065006c	24301	-
string_distance	24301,3	x00730065006e00740069006e0065006c	24301	-
text_switch	24301	x00730065006e00740069006e0065006c,x007900650073	24301	-
text_switch#2	24301	x00730065006e00740069006e0065006c,x006e006f	24301	-
urlencode	24301	x00730065006e00740069006e0065006c,x0061002b0062002a005f002e002d005a0039002500320046002500330046002500380030002500450039	24301	-
clanforumqfc_tostring	24301	x00730065006e00740069006e0065006c,x004600520035004800550047004e0046	24301	-
clanforumqfc_tostring#2	24301	x00730065006e00740069006e0065006c,x	24301	-
date_isleapyear	24301,1	x00730065006e00740069006e0065006c	24301	-
date_isleapyear#2	24301,0	x00730065006e00740069006e0065006c	24301	-
date_isleapyear#3	24301,1	x00730065006e00740069006e0065006c	24301	-
date_minutes_fromruneday	24301,28432800	x00730065006e00740069006e0065006c	24301	-
date_runeday_fromdate	24301,0	x00730065006e00740069006e0065006c	24301	-
date_runeday_fromdate#2	24301,-11746	x00730065006e00740069006e0065006c	24301	-
date_runeday_todate	24301,23,0,2024	x00730065006e00740069006e0065006c	24301	-
writeconsole	24301	x00730065006e00740069006e0065006c	24301	-
affiliate	24301,1	x00730065006e00740069006e0065006c	24301	-
frombilling	24301,1	x00730065006e00740069006e0065006c	24301	-
playercountry	24301,161	x00730065006e00740069006e0065006c	24301	-
create_get_email	24301	x00730065006e00740069006e0065006c,x006100400062002e0063006f006d	24301	-
create_get_email#2	24301	x00730065006e00740069006e0065006c,x	24301	-
logout_getreason	24301,0	x00730065006e00740069006e0065006c	24301	-
is_gamescreen_state	24301,1	x00730065006e00740069006e0065006c	24301	-
is_gamescreen_state#2	24301,0	x00730065006e00740069006e0065006c	24301	-
os_physicalmemorysize	24301,0	x00730065006e00740069006e0065006c	24301	-
detailget_canchoosesafemode	24301,1	x00730065006e00740069006e0065006c	24301	-
get_currentcursor	24301,5	x00730065006e00740069006e0065006c	24301	-
map_isowner	24301,1	x00730065006e00740069006e0065006c	24301	-
map_isowner#2	24301,0	x00730065006e00740069006e0065006c	24301	-
login_accountappeal	24301,5	x00730065006e00740069006e0065006c	24301	-
login_continue	24301	x00730065006e00740069006e0065006c	24301	-
login_request_social_network	24301	x00730065006e00740069006e0065006c	24301	-
lobby_enterlobby_social_network	24301	x00730065006e00740069006e0065006c	24301	-
resend_uid_passport_request	24301	x00730065006e00740069006e0065006c	24301	-	out=
preload_percent	24301	x00730065006e00740069006e0065006c	24301	NullPointerException
preload_progress	24301	x00730065006e00740069006e0065006c	24301	NullPointerException
telemetry_get_column_count	24301,1	x00730065006e00740069006e0065006c	24301	-
telemetry_get_column_id	24301,22	x00730065006e00740069006e0065006c	24301	-
telemetry_get_column_index	24301,0	x00730065006e00740069006e0065006c	24301	-
telemetry_get_grid_value	24301,33	x00730065006e00740069006e0065006c	24301	-
telemetry_get_grid_value#2	24301,0	x00730065006e00740069006e0065006c	24301	-
telemetry_get_group_id	24301,5	x00730065006e00740069006e0065006c	24301	-
telemetry_get_group_id#2	24301,3	x00730065006e00740069006e0065006c	24301	IndexOutOfBoundsException
telemetry_get_group_index	24301,0	x00730065006e00740069006e0065006c	24301	-
telemetry_get_row_count	24301,2	x00730065006e00740069006e0065006c	24301	-
telemetry_get_row_id	24301,12	x00730065006e00740069006e0065006c	24301	-
telemetry_get_row_index	24301,1	x00730065006e00740069006e0065006c	24301	-
telemetry_is_grid_processor_set	24301,1	x00730065006e00740069006e0065006c	24301	-
telemetry_is_grid_processor_set#2	24301,0	x00730065006e00740069006e0065006c	24301	-
telemetry_is_row_pinned	24301,1	x00730065006e00740069006e0065006c	24301	-
telemetry_is_row_pinned#2	24301,1	x00730065006e00740069006e0065006c	24301	-
emoji_add	24301	x00730065006e00740069006e0065006c	24301	-	emojisub=x006800690020003c007300700072006900740065003d0036002c0032003e
emoji_add#2	24301	x00730065006e00740069006e0065006c	24301	RuntimeException
emoji_add#3	24301	x00730065006e00740069006e0065006c	24301	StringIndexOutOfBoundsException
emoji_enable_auto_chatline	24301	x00730065006e00740069006e0065006c	24301	-	emojiauto=true
emoji_remove	24301	x00730065006e00740069006e0065006c	24301	-	emojisub=x00610020003a0029
emoji_removeall	24301	x00730065006e00740069006e0065006c	24301	-	emojisub=x00610020003a0029
emoji_substitute	24301	x00730065006e00740069006e0065006c,x006800690020003c007300700072006900740065003d0035003e0020003c0062003a0029003e00200078	24301	-
emoji_substitute#2	24301	x00730065006e00740069006e0065006c,x006800690020003a0029	24301	-
ttv_chat_getstate	24301,0	x00730065006e00740069006e0065006c	24301	NullPointerException
ttv_chat_sendmessage	24301,0	x00730065006e00740069006e0065006c	24301	NullPointerException
ttv_library_getstate	24301,0	x00730065006e00740069006e0065006c	24301	-
ttv_livestreams_getstream_next	24301,-1	x00730065006e00740069006e0065006c,x,x,x,x	24301	-
ttv_livestreams_getstream_next#2	24301,-1	x00730065006e00740069006e0065006c,x,x,x,x	24301	-	twitchcursor=-1
ttv_livestreams_getstream_start	24301,-1	x00730065006e00740069006e0065006c,x,x,x,x	24301	-	twitchcursor=-1
ttv_livestreams_update	24301,0	x00730065006e00740069006e0065006c	24301	NullPointerException
ttv_login	24301,12	x00730065006e00740069006e0065006c	24301	-
ttv_login_getstate	24301,0	x00730065006e00740069006e0065006c	24301	NullPointerException
ttv_logout	24301,12	x00730065006e00740069006e0065006c	24301	-
ttv_setdebugoutput	24301	x00730065006e00740069006e0065006c	24301	-
ttv_stream_getquality	24301,0	x00730065006e00740069006e0065006c	24301	-
ttv_stream_getstate	24301,0	x00730065006e00740069006e0065006c	24301	NullPointerException
ttv_stream_getviewers	24301,0	x00730065006e00740069006e0065006c	24301	NullPointerException
ttv_stream_setsmoothresize	24301	x00730065006e00740069006e0065006c	24301	-	twitch=0,false,false,false,false
ttv_stream_settitle	24301,0	x00730065006e00740069006e0065006c	24301	NullPointerException
ttv_stream_start	24301,50	x00730065006e00740069006e0065006c	24301	NullPointerException
ttv_stream_stop	24301,0	x00730065006e00740069006e0065006c	24301	NullPointerException
ttv_webcam_flip	24301	x00730065006e00740069006e0065006c	24301	-	twitch=0,true,false,false,false
ttv_webcam_getcap_byindex	24301,-1,-1,-1,-1,-1	x00730065006e00740069006e0065006c	24301	-
ttv_webcam_getcap_byuniqueid	24301,-1,-1,-1,-1,-1	x00730065006e00740069006e0065006c	24301	-
ttv_webcam_getcap_count	24301,-1	x00730065006e00740069006e0065006c	24301	-
ttv_webcam_getdevice_byindex	24301,-1	x00730065006e00740069006e0065006c,x,x	24301	-
ttv_webcam_getdevice_byuniquename	24301,-1	x00730065006e00740069006e0065006c,x,x	24301	-
ttv_webcam_getdevice_count	24301,0	x00730065006e00740069006e0065006c	24301	-
ttv_webcam_getstate	24301,0	x00730065006e00740069006e0065006c	24301	NullPointerException
ttv_webcam_start	24301,-1	x00730065006e00740069006e0065006c	24301	-	twitch=0,false,false,false,true
ttv_webcam_start#2	24301	x00730065006e00740069006e0065006c	24301	NullPointerException
ttv_webcam_stop	24301,-1	x00730065006e00740069006e0065006c	24301	-	twitch=0,false,false,false,false
ttv_webcam_stop#2	24301	x00730065006e00740069006e0065006c	24301	NullPointerException
email_validation_add_new_address	24301	x00730065006e00740069006e0065006c	24301	-	out=4000096140622e636f6d0005
email_validation_change_address	24301	x00730065006e00740069006e0065006c	24301	-	out=2200146e657740622e636f6d006f6c6440622e636f6d00
email_validation_submit_code	24301	x00730065006e00740069006e0065006c	24301	-	out=3c0731323334353600
resume_clanforumqfcdialog	24301	x00730065006e00740069006e0065006c	24301	-	out=6e0461626300
openurl	24301	x00730065006e00740069006e0065006c	24301	-	out=780010687474703a2f2f612e77730062000001
openurl_shim	24301	x00730065006e00740069006e0065006c	24301	-	out=780011687474703a2f2f612e7773006200630002
bug_report	24301	x00730065006e00740069006e0065006c	24301	-	out=6c000e007469746c6500fd006465736300
movescripted	24301	x00730065006e00740069006e0065006c	24301	-	out=59810c12960c
movescripted#2	24301	x00730065006e00740069006e0065006c	24301	RuntimeException	out=
movescripted#3	24301	x00730065006e00740069006e0065006c	24301	RuntimeException	out=
affinedclansettings_addbanned_fromchannel	24301	x00730065006e00740069006e0065006c	24301	-	out=08060000426f6200
affinedclansettings_setmuted_fromchannel	24301	x00730065006e00740069006e0065006c	24301	-	out=3407000001426f6200
pushCanvasSize	24301,765,503	x00730065006e00740069006e0065006c	24301	-
window_getinsets	24301,0,0,765,503	x00730065006e00740069006e0065006c	24301	-
setsubmenuminlength	24301	x00730065006e00740069006e0065006c	24301	-	minlength=5
autosetup_blackflaglast	24301	x00730065006e00740069006e0065006c	24301	-	blackflag=false,true
autosetup_blackflaglast#2	24301	x00730065006e00740069006e0065006c	24301	-	blackflag=true,false
if_debug_button1	24301	x00730065006e00740069006e0065006c	24301	-	out=6f6303ff7f004d0000
if_debug_button2	24301	x00730065006e00740069006e0065006c	24301	-	out=446303ff7f004d0000
if_debug_button3	24301	x00730065006e00740069006e0065006c	24301	-	out=566303ff7f004d0000
if_debug_button4	24301	x00730065006e00740069006e0065006c	24301	-	out=1d6303ff7f004d0000
if_debug_button5	24301	x00730065006e00740069006e0065006c	24301	-	out=466303ff7f004d0000
if_debug_button6	24301	x00730065006e00740069006e0065006c	24301	-	out=536303ff7f004d0000
if_debug_button7	24301	x00730065006e00740069006e0065006c	24301	-	out=3f6303ff7f004d0000
if_debug_button8	24301	x00730065006e00740069006e0065006c	24301	-	out=326303ff7f004d0000
if_debug_button9	24301	x00730065006e00740069006e0065006c	24301	-	out=426303ff7f004d0000
if_debug_button10	24301	x00730065006e00740069006e0065006c	24301	-	out=436303ff7f004d0000
if_debug_getcomcount	24301,2	x00730065006e00740069006e0065006c	24301	-
if_debug_getcomcount#2	24301,0	x00730065006e00740069006e0065006c	24301	-
if_debug_getcomname	24301	x00730065006e00740069006e0065006c	24301	ArrayIndexOutOfBoundsException
if_debug_getcomname#2	24301	x00730065006e00740069006e0065006c,x	24301	-
if_debug_getname	24301	x00730065006e00740069006e0065006c,x00640065006200750067005f00690066006100630065	24301	-
if_debug_getservertriggers	24301,5046273	x00730065006e00740069006e0065006c	24301	ArrayIndexOutOfBoundsException
if_debug_getcomname#3	24301	x00730065006e00740069006e0065006c,x0072006f006f0074003a0062007500740074006f006e	24301	-
if_debug_getservertriggers#2	24301,42	x00730065006e00740069006e0065006c	24301	-
if_debug_getopenifid	24301,548	x00730065006e00740069006e0065006c	24301	-
if_setnpchead	24301	x00730065006e00740069006e0065006c	24301	-	com=2,3,null,null,nocustom
if_setnpcmodel	24301	x00730065006e00740069006e0065006c	24301	-	com=6,3,null,null,nocustom
if_setplayerhead_self	24301	x00730065006e00740069006e0065006c	24301	-	com=3,17,null,null,nocustom
if_setplayermodel	24301	x00730065006e00740069006e0065006c	24301	-	com=5,5,null,null,nocustom
cc_setnpchead	24301	x00730065006e00740069006e0065006c	24301	-	com=2,3,null,null,nocustom
cc_setnpcmodel	24301	x00730065006e00740069006e0065006c	24301	-	com=6,3,null,null,nocustom
cc_setplayerhead_self	24301	x00730065006e00740069006e0065006c	24301	-	com=3,17,null,null,nocustom
cc_setplayermodel	24301	x00730065006e00740069006e0065006c	24301	-	com=5,5,null,null,nocustom
cc_setnpcmodel#2	24301	x00730065006e00740069006e0065006c	24301	-	com=6,7,null,null,nocustom
if_setlinkfriend	24301	x00730065006e00740069006e0065006c	24301	-	com=1,0,x00420065006e,0,nocustom
if_setlinkfriend#2	24301	x00730065006e00740069006e0065006c	24301	-	com=1,0,null,null,nocustom
cc_setlinkfriend	24301	x00730065006e00740069006e0065006c	24301	-	com=1,0,x0041006e006e,0,nocustom
if_setlinkfriendchat	24301	x00730065006e00740069006e0065006c	24301	-	com=1,0,x00440061006e,5,nocustom
cc_setlinkfriendchat	24301	x00730065006e00740069006e0065006c	24301	-	com=1,0,x004300610074,5,nocustom
if_setongamepadaxis	24301	x00730065006e00740069006e0065006c	24301	-
if_setongamepadbutton	24301	x00730065006e00740069006e0065006c	24301	-
if_setongamepadbuttonheld	24301	x00730065006e00740069006e0065006c	24301	-
if_setongamepadtrigger	24301	x00730065006e00740069006e0065006c	24301	-
if_setonhorizontalpinch	24301	x00730065006e00740069006e0065006c	24301	-
if_setonverticalpinch	24301	x00730065006e00740069006e0065006c	24301	-
if_discardGestureHook	24301	x00730065006e00740069006e0065006c	24301	-
cc_setongamepadaxis	24301	x00730065006e00740069006e0065006c	24301	-
cc_setongamepadbutton	24301	x00730065006e00740069006e0065006c	24301	-
cc_setongamepadbuttonheld	24301	x00730065006e00740069006e0065006c	24301	-
cc_setongamepadtrigger	24301	x00730065006e00740069006e0065006c	24301	-
cc_setonhorizontalpinch	24301	x00730065006e00740069006e0065006c	24301	-
cc_setonverticalpinch	24301	x00730065006e00740069006e0065006c	24301	-
cc_discardGestureHook	24301	x00730065006e00740069006e0065006c	24301	-
if_setongamepadaxis#2	24301	x00730065006e00740069006e0065006c	24301	-
if_resume_pausebutton	24301	x00730065006e00740069006e0065006c	24301	-	out=624d000100ff7f;pressed=5046273
cc_resume_pausebutton	24301	x00730065006e00740069006e0065006c	24301	-	out=624d000100ff7f;pressed=5046273
if_resume_pausebutton#2	24301	x00730065006e00740069006e0065006c	24301	-	out=;pressed=null
if_npc_setcustombodymodel	24301	x00730065006e00740069006e0065006c	24301	RuntimeException
cc_npc_setcustombodymodel	24301	x00730065006e00740069006e0065006c	24301	RuntimeException
if_npc_setcustombodymodel_transformed	24301	x00730065006e00740069006e0065006c	24301	RuntimeException
cc_npc_setcustombodymodel_transformed	24301	x00730065006e00740069006e0065006c	24301	RuntimeException
if_npc_setcustomheadmodel	24301	x00730065006e00740069006e0065006c	24301	RuntimeException
cc_npc_setcustomheadmodel	24301	x00730065006e00740069006e0065006c	24301	RuntimeException
if_npc_setcustomrecol	24301	x00730065006e00740069006e0065006c	24301	RuntimeException
cc_npc_setcustomrecol	24301	x00730065006e00740069006e0065006c	24301	RuntimeException
if_npc_setcustomretex	24301	x00730065006e00740069006e0065006c	24301	RuntimeException
cc_npc_setcustomretex	24301	x00730065006e00740069006e0065006c	24301	RuntimeException
cam_getangle_xa	24301,300	x00730065006e00740069006e0065006c	24301	-
cam_getangle_ya	24301,125	x00730065006e00740069006e0065006c	24301	-
cam_getfollowheight	24301,265	x00730065006e00740069006e0065006c	24301	-
cam_setfollowheight	24301	x00730065006e00740069006e0065006c	24301	-	follow=135
cam_setfollowheight#2	24301	x00730065006e00740069006e0065006c	24301	-	follow=35
cam_inc_x	24301	x00730065006e00740069006e0065006c	24301	-	orbitvel=6.0,0.0
cam_dec_x	24301	x00730065006e00740069006e0065006c	24301	-	orbitvel=-6.0,0.0
cam_inc_y	24301	x00730065006e00740069006e0065006c	24301	-	orbitvel=0.0,12.0
cam_dec_y	24301	x00730065006e00740069006e0065006c	24301	-	orbitvel=0.0,-12.0
cam_removeroof	24301	x00730065006e00740069006e0065006c	24301	-	roof=-1,-1
spline_new	24301	x00730065006e00740069006e0065006c	24301	-	spline=0:0:0:0|0:0:0:0|0:0:0:0|0:0:0:0
spline_new#2	24301	x00730065006e00740069006e0065006c	24301	-	spline=null
spline_length	24301,2	x00730065006e00740069006e0065006c	24301	-
spline_length#2	24301	x00730065006e00740069006e0065006c	24301	NullPointerException
spline_addpoint	24301	x00730065006e00740069006e0065006c	24301	-	spline=0:0:0:0|0:0:0:0|1640448:400:1639424:7|1640960:360:1639424
cam_movealong	24301	x00730065006e00740069006e0065006c	24301	-	camera=6,-1,-1;movealong=0,0,1,0,0,100,200
cam_movealong#2	24301	x00730065006e00740069006e0065006c	24301	RuntimeException
cam_movealong#3	24301	x00730065006e00740069006e0065006c	24301	RuntimeException
gender	24301,0	x00730065006e00740069006e0065006c	24301	NullPointerException
setgender	24301	x00730065006e00740069006e0065006c	24301	NullPointerException
basecolour	24301	x00730065006e00740069006e0065006c	24301	NullPointerException
basematerial	24301	x00730065006e00740069006e0065006c	24301	NullPointerException
baseidkit	24301	x00730065006e00740069006e0065006c	24301	NullPointerException
setobj	24301	x00730065006e00740069006e0065006c	24301	NullPointerException
get_selfyangle	24301,0	x00730065006e00740069006e0065006c	24301	NullPointerException
facing_fine	24301,0	x00730065006e00740069006e0065006c	24301	NullPointerException
coord	24301,0	x00730065006e00740069006e0065006c	24301	NullPointerException
npc_find_active_minimenu_entry	24301,0	x00730065006e00740069006e0065006c	24301	-
player_find_active_minimenu_entry	24301,0	x00730065006e00740069006e0065006c	24301	-
oc_findnext	24301,2	x00730065006e00740069006e0065006c	24301	-	objfindindex=2
oc_findnext#2	24301,-1	x00730065006e00740069006e0065006c	24301	-	objfindindex=3
oc_findrestart	24301	x00730065006e00740069006e0065006c	24301	-	objfindindex=0
marketing_init	24301	x00730065006e00740069006e0065006c	24301	-
notifications_init	24301	x00730065006e00740069006e0065006c	24301	-
notifications_opensettings	24301	x00730065006e00740069006e0065006c	24301	-
marketing_sendevent	24301	x00730065006e00740069006e0065006c	24301	-
map_quickchat	24301,0	x00730065006e00740069006e0065006c	24301	-
lobby_enterlobby	24301	x00730065006e00740069006e0065006c	24301	-
login_inprogress	24301,0	x00730065006e00740069006e0065006c	24301	-
login_reply	24301,-2	x00730065006e00740069006e0065006c	24301	-
lobby_entergamereply	24301,-2	x00730065006e00740069006e0065006c	24301	-
lobby_enterlobbyreply	24301,-2	x00730065006e00740069006e0065006c	24301	-
login_hoptime	24301,0	x00730065006e00740069006e0065006c	24301	-
login_ban_duration	24301,0	x00730065006e00740069006e0065006c	24301	-
login_disallowresult	24301,-1	x00730065006e00740069006e0065006c	24301	-
login_disallowtrigger	24301,-1	x00730065006e00740069006e0065006c	24301	-
userflowflags	24301,0,0	x00730065006e00740069006e0065006c	24301	-
automatedtestflags	24301,0,0	x00730065006e00740069006e0065006c	24301	-
login_cancel	24301	x00730065006e00740069006e0065006c	24301	-
login_resetreply	24301	x00730065006e00740069006e0065006c	24301	-
worldlist_pingworlds	24301,1	x00730065006e00740069006e0065006c	24301	-
lobby_enterlobby_sso	24301	x00730065006e00740069006e0065006c	24301	-
sso_available	24301,0	x00730065006e00740069006e0065006c	24301	-
sso_displayname	24301	x00730065006e00740069006e0065006c,x	24301	-
worldlist_fetch	24301,1	x00730065006e00740069006e0065006c	24301	-	out=
worldlist_fetch#2	24301,0	x00730065006e00740069006e0065006c	24301	-	out=4d00000000
login_last_transfer_reply	24301,-2,-1,-1	x00730065006e00740069006e0065006c	24301	-
userdetail_lobby_recoveryday	24301,0	x00730065006e00740069006e0065006c	24301	-
userdetail_lobby_playage	24301,0	x00730065006e00740069006e0065006c	24301	-
player_group_find	24301,0	x00730065006e00740069006e0065006c	24301	-
activeclanchannel_find_affined	24301,0	x00730065006e00740069006e0065006c	24301	-
activeclanchannel_find_affined#2	24301,1	x00730065006e00740069006e0065006c	24301	-
chat_playername	24301	x00730065006e00740069006e0065006c,x	24301	-
chat_playername_unfiltered	24301	x00730065006e00740069006e0065006c,x	24301	-
ttv_library_request	24301,-1	x00730065006e00740069006e0065006c	24301	-	twitch=3,false,false,false,false
saveRuneScapeSetup	24301	x00730065006e00740069006e0065006c	24301	-	setup=0
saveRuneScapeSetup#2	24301	x00730065006e00740069006e0065006c	24301	RuntimeException	setup=0
saveRuneScapeSetup#3	24301	x00730065006e00740069006e0065006c	24301	-	setup=1
pushRuneScapeSetupValue#2	24301,2	x00730065006e00740069006e0065006c	24301	-
pushRuneScapeSetupValue#3	24301,3	x00730065006e00740069006e0065006c	24301	-
saveRuneScapeSetup#4	24301	x00730065006e00740069006e0065006c	24301	RuntimeException	setup=1
detailcanset_toolkit_default	24301,2	x00730065006e00740069006e0065006c	24301	-
detailcanset_toolkit_default#2	24301,2	x00730065006e00740069006e0065006c	24301	-
detailcanset_toolkit_default#3	24301,2	x00730065006e00740069006e0065006c	24301	-
detailcanset_toolkit_default#4	24301,3	x00730065006e00740069006e0065006c	24301	-
detailcanset_toolkit_default#5	24301,2	x00730065006e00740069006e0065006c	24301	-
detailcanset_toolkit_default#6	24301,2	x00730065006e00740069006e0065006c	24301	-
detailcanmod_toolkit_default	24301,1	x00730065006e00740069006e0065006c	24301	-
detailget_toolkit	24301,1	x00730065006e00740069006e0065006c	24301	-
detailget_toolkit_default	24301,1	x00730065006e00740069006e0065006c	24301	-
detailget_toolkit#2	24301,3	x00730065006e00740069006e0065006c	24301	-
detailget_toolkit_default#2	24301,3	x00730065006e00740069006e0065006c	24301	-
detail_toolkit_default	24301	x00730065006e00740069006e0065006c	24301	-	toolkitpref=1,1
detail_toolkit_default#2	24301	x00730065006e00740069006e0065006c	24301	-	toolkitpref=1,1
detail_toolkit_default#3	24301	x00730065006e00740069006e0065006c	24301	-	toolkitpref=1,3
detail_toolkit_default#4	24301	x00730065006e00740069006e0065006c	24301	-	toolkitpref=3,3
