# Client-to-server packets of revision 910, read by the server and sent by the client.
# Fields: name, opcode, size. Size is a byte count for a fixed payload, var-byte (one length byte follows the opcode) or var-short (a big-endian u16 length follows).
# Sorted by opcode. Opcodes nothing sends or handles are named UNUSED_<opcode> (client) and UNHANDLED_<opcode> (server).
# Edit this table, then run: python3 tools/revision/gen_protocol.py. A layout column (the packet fields) is reserved for a later change; generators read only the first three columns.
name	opcode	size
MAP_BUILD_STUCK	0	15
RESUME_P_HSLDIALOG	1	2
OPNPC5	2	3
RESUME_P_STRINGDIALOG	3	var-byte
OPPLAYER6	4	3
EVENT_NATIVE_MOUSE_MOVE	5	var-byte
OPPLAYER9	6	3
MESSAGE_PRIVATE	7	var-short
AFFINEDCLANSETTINGS_ADDBANNED_FROMCHANNEL	8	var-byte
CLIENT_DETAILOPTIONS_STATUS	9	var-byte
RESUME_P_COUNTDIALOG	10	4
SEND_SNAPSHOT	11	var-byte
OPLOC1	12	9
IGNORELIST_ADD	13	var-byte
SOUND_SONGEND	14	4
UNUSED_15	15	9
OPOBJ5	16	7
MESSAGE_QUICKCHAT_PUBLIC	17	var-byte
CLICKWORLDMAP	18	4
UNUSED_19	19	1
CREATE_ACCOUNT	20	var-short
OPLOCT	21	17
TRANSMITVAR_VERIFYID	22	4
REFLECTION_CHECK_REPLY	23	var-byte
NATIVE_LIBRARY_FAILURE	24	var-byte
OPOBJ2	25	7
OPOBJ3	26	7
OPLOC3	27	9
CREATE_CHECK_EMAIL	28	var-short
IF_BUTTON4	29	8
SOUND_SONGPRELOADED	30	4
OPNPC4	31	3
CLAN_KICKUSER	32	var-byte
MOVE_GAMECLICK	33	5
CHANGE_EMAIL_ADDRESS	34	var-short
FRIENDLIST_DEL	35	var-byte
OPNPC6	36	3
EVENT_CAMERA_POSITION	37	4
UNUSED_38	38	var-short
OPLOC6	39	9
CUTSCENE_FINISHED	40	1
OPPLAYERT	41	11
IGNORE_SETNOTES	42	var-byte
UNUSED_43	43	1
CHAT_SETMODE	44	1
EVENT_MOUSE_CLICK	45	6
UNUSED_46	46	var-short
IGNORELIST_DEL	47	var-byte
OPPLAYER8	48	3
OPPLAYER5	49	3
IF_BUTTON8	50	8
OPNPC1	51	3
AFFINEDCLANSETTINGS_SETMUTED_FROMCHANNEL	52	var-byte
SIMPLE_TOOLKIT_CHANGE	53	1
OPPLAYER7	54	3
DIRECTX_FAILURE	55	2
OPNPC2	56	3
CLOSE_MODAL	57	0
IF_BUTTONT	58	16
APCOORDT	59	12
SEND_EMAIL_VALIDATION_CODE	60	var-byte
OPLOC4	61	9
OPPLAYER2	62	3
IF_BUTTON7	63	8
ADD_NEW_EMAIL_ADDRESS	64	var-short
CREATE_CHECK_NAME	65	var-byte
IF_BUTTON9	66	8
IF_BUTTON10	67	8
IF_BUTTON2	68	8
CREATE_SUGGEST_NAMES	69	0
IF_BUTTON5	70	8
STORE_SERVERPERM_VARCS	71	var-short
EVENT_NATIVE_MOUSE_CLICK	72	7
FRIEND_SETRANK	73	var-byte
PING_STATISTICS	74	4
FRIEND_SETNOTES	75	var-byte
OPPLAYER3	76	3
WORLDLIST_FETCH	77	4
MOVE_MINIMAPCLICK	78	18
MAP_BUILD_COMPLETE	79	4
TELEMETRY_ERROR	80	0
OPOBJ1	81	7
UID_PASSPORT_RESEND_REQUEST	82	0
IF_BUTTON6	83	8
CLIENT_CHEAT	84	var-byte
FRIENDLIST_ADD	85	var-byte
IF_BUTTON3	86	8
EVENT_KEYBOARD	87	var-short
SET_CHATFILTERSETTINGS	88	3
MOVE_SCRIPTED	89	5
DETECT_MODIFIED_CLIENT	90	4
OPPLAYER10	91	3
CLAN_JOINCHAT_LEAVECHAT	92	var-byte
EVENT_APPLET_FOCUS	93	1
CLANCHANNEL_KICKUSER	94	var-byte
MESSAGE_PUBLIC	95	var-byte
OPLOC2	96	9
EVENT_MOUSE_MOVE	97	var-byte
RESUME_PAUSEBUTTON	98	6
RESUME_P_OBJDIALOG	99	2
SEND_PING_REPLY	100	9
RESUME_P_NAMEDIALOG	101	var-byte
OPPLAYER4	102	3
NO_TIMEOUT	103	0
IF_PLAYER	104	var-byte
OPOBJ6	105	7
ABORT_P_DIALOG	106	0
FACE_SQUARE	107	4
BUG_REPORT	108	var-short
CLIENT_COMPRESSEDTEXTUREFORMAT_SUPPORT	109	var-short
RESUME_P_CLANFORUMQFCDIALOG	110	var-byte
IF_BUTTON1	111	8
AUTO_SETUP_RESULT	112	18
OPNPCT	113	11
OPOBJT	114	15
MESSAGE_QUICKCHAT_PRIVATE	115	var-byte
OPNPC3	116	3
OPPLAYER1	117	3
CREATE_LOG_PROGRESS	118	1
OPLOC5	119	9
URL_REQUEST	120	var-short
OPOBJ4	121	7
IF_BUTTOND	122	16
WINDOW_STATUS	123	6
