# Server-to-client packets of revision 910, sent by the server and read by the client.
# Fields: name, opcode, size. Size is a byte count for a fixed payload, var-byte (one length byte follows the opcode) or var-short (a big-endian u16 length follows).
# Sorted by opcode. Opcodes nothing sends or handles are named UNUSED_<opcode> (client) and UNHANDLED_<opcode> (server).
# Edit this table, then run: python3 tools/revision/gen_protocol.py. A layout column (the packet fields) is reserved for a later change; generators read only the first three columns.
name	opcode	size
TELEMETRY_GRID_ADD_GROUP	0	5
ENVIRONMENT_OVERRIDE	1	var-byte
UPDATE_FRIENDCHAT_CHANNEL_SINGLEUSER	2	var-byte
CREATE_CHECK_EMAIL_REPLY	3	1
PROJANIM_SPECIFIC	4	23
CAM_LOOKAT	5	6
UPDATE_INV_FULL	6	var-short
MESSAGE_PRIVATE_ECHO	7	var-short
MESSAGE_PUBLIC	8	var-byte
REBUILD_REGION	9	var-short
UPDATE_SITESETTINGS	10	var-byte
NPC_ANIM_SPECIFIC	11	19
RESET_ANIMS	12	0
MAP_PROJANIM	13	18
SET_PLAYER_OP	14	var-byte
TELEMETRY_GRID_VALUES_DELTA	15	var-short
UPDATE_INV_PARTIAL	16	var-short
MIDI_SONG	17	3
SET_MOVEACTION	18	var-byte
CREATE_SUGGEST_NAME_ERROR	19	1
TELEMETRY_GRID_ADD_COLUMN	20	6
CLIENT_SETVARCSTR_LARGE	21	var-short
MESSAGE_CLANCHANNEL	22	var-byte
UPDATE_FRIENDCHAT_CHANNEL_FULL	23	var-short
EXECUTE_CLIENT_CHEAT	24	2
FRIENDLIST_LOADED	25	0
IF_OPENSUB_ACTIVE_LOC	26	32
CLEAR_PLAYER_SNAPSHOT	27	1
UPDATE_STOCKMARKET_SLOT	28	21
SONG_PRELOAD	29	2
CLIENT_SETVARCSTR_SMALL	30	var-byte
IF_SETTEXTFONT	31	8
TELEMETRY_GRID_REMOVE_COLUMN	32	2
UPDATE_STAT	33	6
LOC_CUSTOMISE	34	var-byte
IF_OPENTOP	35	19
MESSAGE_FRIENDCHANNEL	36	var-byte
VORBIS_SOUND	37	8
IF_OPENSUB	38	23
TELEMETRY_GRID_MOVE_COLUMN	39	3
PLAYER_GROUP_FULL	40	var-short
MESSAGE_PLAYER_GROUP	41	var-byte
VORBIS_SOUND_GROUP	42	10
IF_SETPLAYERHEAD	43	4
VARBIT_SMALL	44	3
LOC_DEL	45	2
UPDATE_FRIENDLIST	46	var-short
SETDRAWORDER	47	1
SEND_PING	48	8
OBJ_DEL	49	3
VARP_LARGE	50	6
UNHANDLED_51	51	var-short
DEBUG_SERVER_TRIGGERS	52	var-byte
UPDATE_UID192	53	28
CLIENT_SETVARCBIT_SMALL	54	3
MIDI_JINGLE	55	3
UPDATE_ZONE_PARTIAL_FOLLOWS	56	3
LOGOUT_TRANSFER	57	var-byte
UPDATE_ZONE_PARTIAL_ENCLOSED	58	var-short
CLANCHANNEL_FULL	59	var-short
URL_OPEN	60	var-short
IF_OPENSUB_ACTIVE_PLAYER	61	25
IF_SETPLAYERHEAD_OTHER	62	10
IF_SETRECOL	63	9
CAM_REMOVEROOF	64	4
UPDATE_INV_STOP_TRANSMIT	65	3
CREATE_SUGGEST_NAME_REPLY	66	var-byte
PLAYER_SNAPSHOT	67	var-short
TELEMETRY_GRID_REMOVE_GROUP	68	1
CLIENT_SETVARCBIT_LARGE	69	6
SOUND_AREA	70	6
MAP_PROJANIM_HALFSQ	71	21
IF_SETPOSITION	72	8
OBJ_COUNT	73	7
CHAT_FILTER_SETTINGS_PRIVATECHAT	74	1
TELEMETRY_GRID_FULL	75	var-short
SHOW_FACE_HERE	76	1
SOCIAL_NETWORK_LOGOUT	77	var-short
HINT_ARROW	78	14
IF_SETSCROLLPOS	79	6
MESSAGE_QUICKCHAT_PRIVATE	80	var-byte
CAM2_ENABLE	81	1
MESSAGE_CLANCHANNEL_SYSTEM	82	var-byte
NO_TIMEOUT	83	0
LOC_ANIM_SPECIFIC	84	10
OBJ_ADD	85	5
LOGOUT_FULL	86	1
CAM_SMOOTHRESET	87	0
REBUILD_NORMAL	88	var-short
MESSAGE_QUICKCHAT_CLANCHANNEL	89	var-byte
MESSAGE_PRIVATE	90	var-short
VARCLAN_DISABLE	91	0
VORBIS_SOUND_GROUP_START	92	2
MESSAGE_QUICKCHAT_PRIVATE_ECHO	93	var-byte
SET_MAP_FLAG	94	2
VORBIS_SOUND_GROUP_STOP	95	2
TELEMETRY_GRID_MOVE_ROW	96	3
VORBIS_PRELOAD_SOUNDS	97	2
CAM_MOVETO	98	6
RESET_CLIENT_VARCACHE	99	0
IF_SETPLAYERMODEL_OTHER	100	10
CLANSETTINGS_FULL	101	var-short
IF_OPENSUB_ACTIVE_NPC	102	25
IF_SETANIM	103	8
CAM_RESET	104	0
LOBBY_APPEARANCE	105	var-short
VARCLAN_ENABLE	106	0
POINTLIGHT_COLOUR	107	8
IF_SETRETEX	108	9
IF_SETHIDE	109	5
LAST_LOGIN_INFO	110	4
REFLECTION_CHECKER	111	var-short
IF_SETANGLE	112	10
TEXT_COORD	113	var-byte
VORBIS_SPEECH_STOP	114	0
VORBIS_PRELOAD_SOUND_GROUP	115	2
IF_SETMODEL	116	8
DO_CHEAT	117	var-byte
OBJ_REVEAL	118	7
HINT_TRAIL	119	var-short
MESSAGE_GAME	120	var-byte
IF_OPENSUB_ACTIVE_OBJ	121	29
PLAYER_INFO	122	var-short
SOUND_MIXBUSS_ADD	123	6
LOC_PREFETCH	124	5
NPC_HEADICON_SPECIFIC	125	9
UPDATE_DOB	126	4
MIDI_SONG_LOCATION	127	11
CLIENT_SETVARC_LARGE	128	6
SERVER_TICK_END	129	0
IF_SETPLAYERHEAD_IGNOREWORN	130	10
CREATE_ACCOUNT_REPLY	131	1
CLANSETTINGS_DELTA	132	var-short
TRIGGER_ONDIALOGABORT	133	0
REDUCE_PLAYER_ATTACK_PRIORITY	134	1
IF_SET_HTTP_IMAGE	135	8
CUTSCENE	136	var-short
MINIMAP_TOGGLE	137	1
CHAT_FILTER_SETTINGS	138	2
LOC_ADD_CHANGE	139	var-byte
IF_SETCOLOUR	140	6
REDUCE_NPC_ATTACK_PRIORITY	141	1
VARBIT_LARGE	142	6
VORBIS_SPEECH_SOUND	143	6
POINTLIGHT_INTENSITY	144	5
MESSAGE_QUICKCHAT_FRIENDCHAT	145	var-byte
CLANCHANNEL_DELTA	146	var-short
LOC_ANIM	147	7
STORE_SERVERPERM_VARCS_ACK	148	0
CLIENT_SETVARC_SMALL	149	3
SET_TARGET	150	2
IF_SETPLAYERMODEL_SELF	151	4
CAMERA_UPDATE	152	var-short
JS5_RELOAD	153	0
CHANGE_LOBBY	154	var-byte
IF_SETEVENTS	155	12
RUNCLIENTSCRIPT	156	var-short
VARP_SMALL	157	3
IF_SETOBJECT	158	10
PLAYER_GROUP_VARPS	159	var-short
TELEMETRY_GRID_REMOVE_ROW	160	2
UPDATE_RUNENERGY	161	1
SOUND_MIXBUSS_SETLEVEL	162	4
CREATE_CHECK_NAME_REPLY	163	1
CAM_FORCEANGLE	164	4
IF_SETTEXTANTIMACRO	165	5
IF_CLOSESUB	166	4
WORLDLIST_FETCH_REPLY	167	var-short
LOGOUT	168	1
UPDATE_RUNWEIGHT	169	2
UNHANDLED_170	170	var-short
CAM_SHAKE	171	6
VARCLAN	172	var-byte
TELEMETRY_GRID_SET_ROW_PINNED	173	3
UPDATE_IGNORELIST	174	var-short
UPDATE_ZONE_FULL_FOLLOWS	175	3
MESSAGE_QUICKCHAT_PLAYER_GROUP	176	var-byte
UPDATE_REBOOT_TIMER	177	2
SPOTANIM_SPECIFIC	178	12
IF_SETTARGETPARAM	179	10
IF_SETPLAYERMODEL_SNAPSHOT	180	5
IF_SETTEXT	181	var-short
SYNTH_SOUND	182	8
IF_SETGRAPHIC	183	8
IF_SETCLICKMASK	184	5
TELEMETRY_GRID_ADD_ROW	185	6
NPC_INFO	186	var-short
PLAYER_GROUP_DELTA	187	var-short
LOYALTY_UPDATE	188	4
IF_SETNPCHEAD	189	8
MIDI_SONG_STOP	190	0
IF_MOVESUB	191	8
TELEMETRY_CLEAR_GRID_VALUE	192	3
MAP_ANIM	193	10
JCOINS_UPDATE	194	4
