# group	entries	digest of the entries' values
2191	0	cbf29ce484222325
4229	0	cbf29ce484222325
4230	0	cbf29ce484222325
4357	0	cbf29ce484222325
4358	0	cbf29ce484222325
5162	0	cbf29ce484222325
5557	14	608a086d04e39f97
5671	51	fe3858eb3503dbd9
5672	35	e99f9bc27ed5d7eb
5691	54	2661ed2bc3ed6475
6318	20	a8d9eb7508d74078
6429	13	3aa4a8c2478f102c
6442	12	43e60d07d605e5b4
6446	41	7180b84b1605184b
6567	82	a3f279b2afa0dd29
6568	113	02af37edc270277c
6569	55	681a3e7011ed0b61
6578	79	2ce8b7ce603bab29
6704	37	54224f329562ae51
6706	37	8077f8c5a6df8691
6834	77	1f1cc33a845bb7dc
6966	80	b669870edd707dd4
7349	11	5a1ef832a36fd3fa
7350	33	6f963fcaed0be8c3
7351	0	cbf29ce484222325
7477	8	b3a0e987ad3c16f3
7478	5	b9b4239e4eaa31ea
7853	14	80da8f59235fe8f3
8491	72	bae3e347904b803a
8741	6	3727f535a9e27f71
8869	63	c18fd52976be3e79
10666	68	53b8b68f1d23e25d
11712	0	cbf29ce484222325
11840	0	cbf29ce484222325
12104	0	cbf29ce484222325
12436	0	cbf29ce484222325
12967	0	cbf29ce484222325
14135	17	4ab37f8101cd48ad
15293	45	63b7d0d7bd79de94
17978	13	06d0f5d12c0e8c0e
18106	68	fb2cb659a9cb682c
19512	43	8fd2a4ff8be55ae5
19888	47	ff5a778420b04624
22984	3	ce4abf49cd718f88
