# Scene corpus digest: see src/corpus.rs. Columns: region, stage, count, digest. Hashes and counts only.
city	draw	16	ecfb209ca9e9387f
city	draw/materials	16	2dbdd5a50ee61da3
city	draw/underwater	0	88201fb960ff6465
city	floors/normal0	28631	f19255ef1233ecf0
city	floors/normal1	4353	8204a592d6abad04
city	floors/normal2	1058	ddb25a6ada82fa13
city	floors/normal3	386	707321dd522e6a4c
city	floors/underwater	0	3390d94d34f06461
city	graph/entities	11374	b45bf4fe334d0005
city	graph/occluders	175	0962beba74b4bdd2
city	graph/tiles	20231	a765769ea5f736ee
city	lighting	128	275e0c56e582a90c
city	minimap	3437	10d0ffe432ae499d
city	placement	11274	30b2a71499cbcb7b
city	roof	26240	c5a116439d91f8a3
city	terrain	21318	bea8c9fb349b9f7d
city-low	draw	16	050fd7901a522089
city-low	draw/materials	16	3e7ac5f6a5290ce7
city-low	draw/underwater	0	88201fb960ff6465
city-low	floors/normal0	23079	1b24d8c29635b3e6
city-low	floors/normal1	4051	bb0aac15fee66a13
city-low	floors/normal2	1058	f54def96fb11c650
city-low	floors/normal3	386	24de7a1214ec40b2
city-low	floors/underwater	0	3390d94d34f06461
city-low	graph/entities	6322	0047d05ea5aef304
city-low	graph/occluders	162	9db3305687a34e7e
city-low	graph/tiles	20223	0a1cc991b0150684
city-low	lighting	0	f5ac9ff95fde753a
city-low	minimap	3437	10d0ffe432ae499d
city-low	placement	6222	9648c7a0ee24e279
city-low	roof	26240	c5a116439d91f8a3
city-low	terrain	21318	be7e73793c04a171
dungeon	draw	16	4e92c4f89b6ba497
dungeon	draw/materials	16	dc017bf2f38dbeec
dungeon	draw/underwater	0	88201fb960ff6465
dungeon	floors/normal0	14618	88c8b4b70584bc8c
dungeon	floors/normal1	80	703be0319605107c
dungeon	floors/normal2	468	d99dbb0fd5fc1174
dungeon	floors/normal3	0	38f15d687b145824
dungeon	floors/underwater	0	3390d94d34f06461
dungeon	graph/entities	9174	ebb0e744bc2b5a9e
dungeon	graph/occluders	0	a49027e34948e2c5
dungeon	graph/tiles	11495	cca4534ab61b9354
dungeon	lighting	168	11639a56686c7103
dungeon	minimap	1246	e0966ca3841e03d4
dungeon	placement	9174	ec431cf54af54b56
dungeon	roof	0	d30c991baf049635
dungeon	terrain	14848	d36639e4e954a27d
coast	draw	16	5766ca0b4ce163f5
coast	draw/materials	16	a8285fa1287d5c3c
coast	draw/underwater	35	17975ff482f10ddc
coast	floors/normal0	23118	55613e9681809f0f
coast	floors/normal1	3316	7b7f98a494478c35
coast	floors/normal2	934	acb97b45d84494ee
coast	floors/normal3	1316	cba0a3b4ca7c66bc
coast	floors/underwater	8440	7360b1db4a904a8b
coast	graph/entities	5984	db19dd443d026001
coast	graph/occluders	77	6b79c8f4aec44164
coast	graph/tiles	17054	e8b9eae2e4301dfe
coast	lighting	24	4ddc683244d2542f
coast	minimap	1237	ceb129f61e820ecd
coast	placement	6173	67e38a8ee326c415
coast	roof	8264	65563e7934279892
coast	terrain	20360	dd8b197c4d999f1c
tower	draw	16	197930e37bb65254
tower	draw/materials	16	0965f9414efab103
tower	draw/underwater	0	88201fb960ff6465
tower	floors/normal0	23896	d7ca91c4f070cf47
tower	floors/normal1	1752	7c40b7389f25f77b
tower	floors/normal2	1933	9f00850aa2c7b930
tower	floors/normal3	26	22fda320968e1bfc
tower	floors/underwater	9927	76d4752c62bef5fa
tower	graph/entities	4348	fa55dde479fb2c29
tower	graph/occluders	276	867ab7f1f7121f19
tower	graph/tiles	15981	f8c3728578d34e01
tower	lighting	134	3f449b8314bf1627
tower	minimap	862	6321c9d3702860e0
tower	placement	4356	aa2be7a962a9c883
tower	roof	6399	777bc4ba955ce5bc
tower	terrain	10019	f6ebab3135ef15f3
desert	draw	16	4559c2307a328fa1
desert	draw/materials	16	ddc800ef8a12a70c
desert	draw/underwater	0	88201fb960ff6465
desert	floors/normal0	21942	13ea53562edc6117
desert	floors/normal1	1708	e661568920315c0f
desert	floors/normal2	436	b24680b19524671a
desert	floors/normal3	12	30e363a8e7092607
desert	floors/underwater	0	3390d94d34f06461
desert	graph/entities	3816	90920e4e20d8fb64
desert	graph/occluders	737	12657e345ffc7cd4
desert	graph/tiles	12745	20c64b6423a9c2cd
desert	lighting	38	9d14491b6a01273d
desert	minimap	1555	3ba1d4769819a2e8
desert	placement	3727	147a961d40feffc8
desert	roof	5854	095ab1086d1180c5
desert	terrain	11373	973918e469aece27
wilderness	draw	16	22df873306a34d3c
wilderness	draw/materials	16	5e86273aed1f1d57
wilderness	draw/underwater	0	88201fb960ff6465
wilderness	floors/normal0	23053	b8cde0b5a4c7cbe5
wilderness	floors/normal1	4	1f29c8bf7c6d0e5a
wilderness	floors/normal2	0	7b3570a65c53bac0
wilderness	floors/normal3	290	0061786d6dcc2a41
wilderness	floors/underwater	0	3390d94d34f06461
wilderness	graph/entities	5248	bbf6db72ca2565e5
wilderness	graph/occluders	38	a549b484f48b4235
wilderness	graph/tiles	11365	64ce3596ebf64a23
wilderness	lighting	23	6957c7fecc7b5ae9
wilderness	minimap	401	48feed0e3a56e039
wilderness	placement	5246	a06a027c3af3b333
wilderness	roof	144	2a651f33e8feb5e3
wilderness	terrain	13419	038d20426f78f64d
map-edge	draw	16	4b636189f2c325ea
map-edge	draw/materials	16	4a7972eca36fe54b
map-edge	draw/underwater	0	88201fb960ff6465
map-edge	floors/normal0	9728	854f0b7a09989b3a
map-edge	floors/normal1	0	c523d61ca20de09b
map-edge	floors/normal2	0	869b08f874e22055
map-edge	floors/normal3	0	363245437f1f070c
map-edge	floors/underwater	0	3390d94d34f06461
map-edge	graph/entities	123	b43d227c5f9ac1ac
map-edge	graph/occluders	0	a49027e34948e2c5
map-edge	graph/tiles	10946	fd6d5c22b22b5483
map-edge	lighting	0	94fe50cebdcade77
map-edge	minimap	7	4138a3a1f6d2dbf3
map-edge	placement	123	f953108fc1609f25
map-edge	roof	693	7b5ad93e7b38378c
map-edge	terrain	5057	f34459ecd0454961
map-edge-dense	draw	16	be44a4310b6b6f74
map-edge-dense	draw/materials	16	8087ad0b752d5e19
map-edge-dense	draw/underwater	0	88201fb960ff6465
map-edge-dense	floors/normal0	1828	cb8598bf816d8973
map-edge-dense	floors/normal1	3000	15d4f575709cc442
map-edge-dense	floors/normal2	0	5f2ec2b13b742d77
map-edge-dense	floors/normal3	0	4658f6ae08a267df
map-edge-dense	floors/underwater	0	3390d94d34f06461
map-edge-dense	graph/entities	7218	f00ad99bcff1a38e
map-edge-dense	graph/occluders	201	854cb4f634129536
map-edge-dense	graph/tiles	15271	7745de6fee35dc11
map-edge-dense	lighting	28	a74a9170ef73d779
map-edge-dense	minimap	948	3e09004f9e6c9e57
map-edge-dense	placement	7212	a60d697d415c8dc0
map-edge-dense	roof	3617	d9a7b1cb39711f88
map-edge-dense	terrain	18437	cff84615d1b38ee5
instanced	draw	16	48a957f4987ece63
instanced	draw/materials	16	1df8897f7c825a15
instanced	draw/underwater	0	88201fb960ff6465
instanced	floors/normal0	22743	8afb550f184f63e0
instanced	floors/normal1	2903	aae32b75e500b33b
instanced	floors/normal2	583	05a0b8185e483acf
instanced	floors/normal3	56	c3006283df918dd6
instanced	floors/underwater	0	3390d94d34f06461
instanced	graph/entities	6297	4726f9ed284ab74d
instanced	graph/occluders	130	d28be4bd65858d2a
instanced	graph/tiles	17579	7ae3c9ca316f9048
instanced	lighting	84	6f2748d03a938494
instanced	minimap	2175	71cf466903a179c6
instanced	placement	6245	1311a1d7e360e369
instanced	roof	20233	f239b9cfe839ceac
instanced	terrain	6452	5741f64fce9ddf8c
