area	291	2	255	33554439	stereo	0	1536	-512	4096	200
area	291	2	200	33554439	stereo	0	1536	512	1536	256
area	291	2	102	33554439	stereo	0	1536	-512	4096	256
none
area	291	2	200	33554439	stereo	0	1536	-512	4096	256
area	291	2	255	33554439	stereo	0	1536	512	1536	256
area	291	2	80	33554439	stereo	0	1536	512	1536	256
area	291	2	200	33554439	stereo	0	1536	512	1536	256
area	291	2	255	33554439	stereo	0	1536	512	1536	200
area	291	2	255	33554439	stereo	0	1536	512	1536	256
area	291	2	255	33554439	stereo	0	1536	512	1536	200
area	291	2	255	33554439	none	0	1536	-512	4096	256
area	291	2	200	33554439	stereo	0	1536	-512	4096	200
area	291	2	255	33554439	stereo	0	1536	-512	4096	256
none
area	291	2	255	33554439	stereo	0	1536	512	1536	256
area	291	2	200	33554439	none	0	1536	512	1536	256
area	291	2	255	33554439	stereo	0	1536	512	1536	256
area	291	2	200	33554439	stereo	0	1536	512	1536	256
none
local	291	1	255	33554436	none	0	0	-	-	256
area	291	2	255	33554439	stereo	0	1536	512	1536	256
area	291	2	200	33554439	stereo	0	1536	512	1536	256
area	291	2	80	33554439	stereo	0	1536	512	1536	200
area	291	2	200	33554439	stereo	0	1536	512	1536	200
area	291	2	102	33554439	stereo	0	1536	512	1536	256
area	291	2	102	33554439	stereo	0	1536	512	1536	256
area	291	2	255	33554439	none	0	1536	512	1536	200
area	291	2	200	33554439	stereo	0	1536	512	1536	200
area	291	2	200	33554439	none	0	1536	512	1536	200
area	291	2	102	33554439	stereo	0	1536	512	1536	200
none
local	291	1	200	33554436	none	0	0	-	-	200
none
area	291	2	255	33554439	stereo	0	1536	512	1536	256
area	291	2	255	33554439	stereo	0	1536	-512	4096	256
area	291	2	102	33554439	stereo	0	1536	512	1536	256
area	291	2	80	33554439	stereo	0	1536	512	1536	200
none
none
area	291	2	200	33554439	stereo	0	1536	512	1536	256
area	291	2	255	33554439	none	0	1536	512	1536	256
area	291	2	255	33554439	stereo	0	1536	512	1536	256
area	291	2	80	33554439	stereo	0	1536	-512	4096	256
none
area	291	2	200	33554439	stereo	0	1536	512	1536	200
area	291	2	200	33554439	stereo	0	1536	512	1536	256
none
area	291	2	200	33554439	stereo	0	1536	512	1536	256
area	291	2	255	33554439	stereo	0	1536	-512	4096	200
none
area	291	2	80	33554439	stereo	0	1536	512	1536	200
area	291	2	80	33554439	stereo	0	1536	512	1536	200
area	291	2	255	33554439	stereo	0	1536	512	1536	256
none
area	291	2	200	33554439	stereo	0	1536	512	1536	200
area	291	2	200	33554439	stereo	0	1536	-512	4096	256
area	291	2	255	33554439	stereo	0	1536	512	1536	200
none
area	291	2	102	33554439	stereo	0	1536	-512	4096	200
none
area	291	2	255	33554439	none	0	1536	512	1536	200
area	291	2	200	33554439	stereo	0	1536	512	1536	256
area	291	2	200	33554439	stereo	0	1536	-512	4096	256
area	291	2	255	33554439	stereo	0	1536	512	1536	256
area	291	2	255	33554439	stereo	0	1536	-512	4096	256
area	291	2	255	33554439	stereo	0	1536	512	1536	200
area	291	2	80	33554439	stereo	0	1536	512	1536	200
area	291	2	255	33554439	stereo	0	1536	512	1536	200
area	291	2	255	33554439	stereo	0	1536	512	1536	200
area	291	2	102	33554439	stereo	0	1536	-512	4096	256
area	291	2	255	33554439	none	0	1536	512	1536	200
none
area	291	2	255	33554439	stereo	0	1536	512	1536	200
none
area	291	2	255	33554439	stereo	0	1536	512	1536	200
none
area	291	2	200	33554439	stereo	0	1536	512	1536	200
area	291	2	200	33554439	stereo	0	1536	512	1536	256
area	291	2	255	33554439	stereo	0	1536	-512	4096	200
area	291	2	102	33554439	stereo	0	1536	512	1536	256
none
area	291	2	255	33554439	stereo	0	1536	-512	4096	256
area	291	2	200	33554439	stereo	0	1536	512	1536	256
none
area	291	2	255	33554439	stereo	0	1536	512	1536	256
none
area	291	2	255	33554439	stereo	0	1536	512	1536	200
none
none
none
area	291	2	80	33554439	stereo	0	1536	512	1536	256
area	291	2	255	33554439	stereo	0	1536	512	1536	200
local	291	1	200	33554436	none	0	0	-	-	200
area	291	2	255	33554439	stereo	0	1536	512	1536	200
area	291	2	200	33554439	stereo	0	1536	512	1536	256
area	291	2	200	33554439	stereo	0	1536	-512	4096	200
area	291	2	255	33554439	none	0	1536	512	1536	200
none
area	291	2	80	33554439	stereo	0	1536	512	1536	256
area	291	2	200	33554439	stereo	0	1536	512	1536	200
area	291	2	80	33554439	stereo	0	1536	-512	4096	256
area	291	2	80	33554439	stereo	0	1536	512	1536	256
area	291	2	255	33554439	stereo	0	1536	512	1536	256
area	291	2	200	33554439	stereo	0	1536	512	1536	200
local	291	1	255	33554436	none	0	0	-	-	256
area	291	2	255	33554439	stereo	0	1536	512	1536	200
area	291	2	200	33554439	stereo	0	1536	-512	4096	256
area	291	2	200	33554439	stereo	0	1536	-512	4096	200
area	291	2	200	33554439	none	0	1536	-512	4096	200
area	291	2	255	33554439	stereo	0	1536	512	1536	200
none
area	291	2	200	33554439	stereo	0	1536	512	1536	256
area	291	2	80	33554439	stereo	0	1536	512	1536	256
area	291	2	102	33554439	stereo	0	1536	512	1536	256
area	291	2	255	33554439	none	0	1536	512	1536	200
area	291	2	255	33554439	stereo	0	1536	-512	4096	200
local	291	1	255	33554436	none	0	0	-	-	200
area	291	2	255	33554439	stereo	0	1536	512	1536	256
area	291	2	200	33554439	stereo	0	1536	512	1536	200
none
area	291	2	102	33554439	stereo	0	1536	512	1536	200
area	291	2	200	33554439	stereo	0	1536	512	1536	200
area	291	2	102	33554439	stereo	0	1536	512	1536	256
area	291	2	255	33554439	stereo	0	1536	-512	4096	200
area	291	2	200	33554439	none	0	1536	512	1536	200
area	291	2	255	33554439	stereo	0	1536	-512	4096	200
none
none
area	291	2	200	33554439	stereo	0	1536	-512	4096	200
none
area	291	2	80	33554439	stereo	0	1536	512	1536	256
area	291	2	255	33554439	stereo	0	1536	-512	4096	200
area	291	2	200	33554439	none	0	1536	512	1536	256
area	291	2	255	33554439	stereo	0	1536	-512	4096	200
area	291	2	200	33554439	stereo	0	1536	-512	4096	200
area	291	2	200	33554439	stereo	0	1536	512	1536	256
area	291	2	255	33554439	stereo	0	1536	512	1536	200
area	291	2	255	33554439	stereo	0	1536	512	1536	256
area	291	2	102	33554439	stereo	0	1536	512	1536	256
area	291	2	255	33554439	stereo	0	1536	-512	4096	256
area	291	2	255	33554439	stereo	0	1536	512	1536	256
area	291	2	255	33554439	stereo	0	1536	512	1536	256
area	291	2	255	33554439	stereo	0	1536	-512	4096	256
area	291	2	200	33554439	none	0	1536	-512	4096	256
area	291	2	255	33554439	stereo	0	1536	512	1536	256
area	291	2	255	33554439	stereo	0	1536	512	1536	200
area	291	2	200	33554439	stereo	0	1536	512	1536	256
area	291	2	255	33554439	stereo	0	1536	-512	4096	256
none
area	291	2	255	33554439	stereo	0	1536	-512	4096	200
area	291	2	102	33554439	stereo	0	1536	512	1536	256
area	291	2	255	33554439	stereo	0	1536	512	1536	200
area	291	2	255	33554439	stereo	0	1536	-512	4096	256
none
area	291	2	102	33554439	stereo	0	1536	512	1536	200
area	291	2	255	33554439	stereo	0	1536	512	1536	256
area	291	2	255	33554439	stereo	0	1536	512	1536	200
local	291	1	255	33554436	none	0	0	-	-	200
area	291	2	255	33554439	stereo	0	1536	-512	4096	200
area	291	2	102	33554439	stereo	0	1536	512	1536	200
area	291	2	255	33554439	stereo	0	1536	512	1536	256
area	291	2	80	33554439	stereo	0	1536	512	1536	256
none
area	291	2	255	33554439	stereo	0	1536	512	1536	256
area	291	2	255	33554439	stereo	0	1536	512	1536	200
area	291	2	200	33554439	stereo	0	1536	512	1536	200
area	291	2	255	33554439	stereo	0	1536	512	1536	200
none
area	291	2	255	33554439	stereo	0	1536	-512	4096	256
none
area	291	2	200	33554439	stereo	0	1536	-512	4096	200
none
area	291	2	200	33554439	none	0	1536	512	1536	256
area	291	2	200	33554439	stereo	0	1536	512	1536	200
area	291	2	80	33554439	stereo	0	1536	512	1536	256
area	291	2	255	33554439	none	0	1536	512	1536	256
area	291	2	255	33554439	stereo	0	1536	512	1536	256
area	291	2	255	33554439	stereo	0	1536	512	1536	256
none
none
area	291	2	200	33554439	stereo	0	1536	-512	4096	256
area	291	2	255	33554439	stereo	0	1536	512	1536	256
area	291	2	255	33554439	stereo	0	1536	512	1536	256
area	291	2	255	33554439	stereo	0	1536	-512	4096	200
none
area	291	2	255	33554439	none	0	1536	512	1536	256
area	291	2	255	33554439	stereo	0	1536	-512	4096	256
area	291	2	200	33554439	stereo	0	1536	-512	4096	200
area	291	2	255	33554439	stereo	0	1536	512	1536	200
area	291	2	255	33554439	stereo	0	1536	512	1536	256
area	291	2	200	33554439	stereo	0	1536	512	1536	256
area	291	2	255	33554439	stereo	0	1536	-512	4096	200
none
area	291	2	255	33554439	stereo	0	1536	512	1536	200
area	291	2	255	33554439	stereo	0	1536	512	1536	200
area	291	2	255	33554439	stereo	0	1536	512	1536	200
area	291	2	200	33554439	stereo	0	1536	512	1536	256
area	291	2	255	33554439	stereo	0	1536	512	1536	256
area	291	2	80	33554439	stereo	0	1536	512	1536	200
area	291	2	255	33554439	stereo	0	1536	-512	4096	200
area	291	2	255	33554439	stereo	0	1536	-512	4096	256
local	291	1	200	33554436	none	0	0	-	-	200
area	291	2	255	33554439	stereo	0	1536	512	1536	200
none
area	291	2	255	33554439	stereo	0	1536	512	1536	200
area	291	2	200	33554439	stereo	0	1536	512	1536	256
area	291	2	255	33554439	stereo	0	1536	-512	4096	256
area	291	2	200	33554439	stereo	0	1536	512	1536	200
area	291	2	200	33554439	stereo	0	1536	512	1536	200
area	291	2	200	33554439	stereo	0	1536	512	1536	200
none
area	291	2	255	33554439	stereo	0	1536	-512	4096	256
area	291	2	200	33554439	stereo	0	1536	512	1536	256
none
area	291	2	255	33554439	none	0	1536	512	1536	256
area	291	2	255	33554439	stereo	0	1536	512	1536	256
area	291	2	80	33554439	stereo	0	1536	512	1536	200
area	291	2	102	33554439	stereo	0	1536	-512	4096	200
area	291	2	80	33554439	stereo	0	1536	-512	4096	200
area	291	2	255	33554439	stereo	0	1536	512	1536	200
area	291	2	255	33554439	stereo	0	1536	512	1536	256
area	291	2	102	33554439	stereo	0	1536	-512	4096	256
none
none
area	291	2	200	33554439	stereo	0	1536	512	1536	200
area	291	2	255	33554439	stereo	0	1536	-512	4096	256
area	291	2	255	33554439	stereo	0	1536	512	1536	256
area	291	2	255	33554439	stereo	0	1536	-512	4096	200
area	291	2	200	33554439	stereo	0	1536	-512	4096	200
area	291	2	255	33554439	stereo	0	1536	-512	4096	256
area	291	2	200	33554439	stereo	0	1536	-512	4096	256
none
area	291	2	255	33554439	none	0	1536	-512	4096	200
none
area	291	2	255	33554439	stereo	0	1536	512	1536	200
area	291	2	200	33554439	stereo	0	1536	-512	4096	256
area	291	2	200	33554439	stereo	0	1536	512	1536	200
area	291	2	255	33554439	stereo	0	1536	512	1536	256
area	291	2	200	33554439	stereo	0	1536	-512	4096	256
area	291	2	200	33554439	stereo	0	1536	512	1536	256
area	291	2	200	33554439	none	0	1536	512	1536	256
area	291	2	255	33554439	stereo	0	1536	512	1536	200
none
none
none
none
area	291	2	80	33554439	stereo	0	1536	512	1536	256
area	291	2	102	33554439	stereo	0	1536	-512	4096	256
area	291	2	200	33554439	stereo	0	1536	512	1536	256
area	291	2	102	33554439	stereo	0	1536	512	1536	256
area	291	2	255	33554439	none	0	1536	512	1536	256
area	291	2	80	33554439	stereo	0	1536	512	1536	200
area	291	2	255	33554439	stereo	0	1536	512	1536	200
area	291	2	200	33554439	stereo	0	1536	512	1536	200
area	291	2	200	33554439	stereo	0	1536	512	1536	256
none
area	291	2	80	33554439	stereo	0	1536	-512	4096	256
none
area	291	2	255	33554439	stereo	0	1536	-512	4096	256
none
none
area	291	2	200	33554439	stereo	0	1536	512	1536	200
area	291	2	102	33554439	stereo	0	1536	512	1536	200
area	291	2	255	33554439	stereo	0	1536	512	1536	256
area	291	2	255	33554439	stereo	0	1536	-512	4096	256
area	291	2	255	33554439	stereo	0	1536	-512	4096	200
none
local	291	1	255	33554436	none	0	0	-	-	200
area	291	2	80	33554439	stereo	0	1536	512	1536	256
area	291	2	255	33554439	stereo	0	1536	512	1536	200
area	291	2	255	33554439	stereo	0	1536	512	1536	200
area	291	2	255	33554439	stereo	0	1536	512	1536	256
area	291	2	200	33554439	stereo	0	1536	512	1536	256
area	291	2	200	33554439	stereo	0	1536	512	1536	256
none
area	291	2	255	33554439	stereo	0	1536	512	1536	256
local	291	1	200	33554436	none	0	0	-	-	256
area	291	2	200	33554439	stereo	0	1536	512	1536	200
none
